{
    "description": "An autogenerated calibration file for using the existing values for deploy_index = 29",
    "origin": {
        "latlonel": [
            37.58931,
            -118.237621,
            3852.842222
        ]
    },
    "antennas": {
        "ant0": {
            "physical": {
                "latlonel": [
                    37.589310000000005,
                    -118.237621,
                    3852.8422219991708
                ],
                "enu": [
                    0.0,
                    0.0,
                    0.0
                ]
            },
            "hpol": {
                "latlonel": [
                    37.589310000000005,
                    -118.237621,
                    3852.8422219991708
                ],
                "enu": [
                    0.0,
                    0.0,
                    0.0
                ],
                "cable_delay": 7.901212,
                "channel": 0
            },
            "vpol": {
                "latlonel": [
                    37.589310000000005,
                    -118.237621,
                    3852.8422219991708
                ],
                "enu": [
                    0.0,
                    0.0,
                    0.0
                ],
                "cable_delay": 13.115628,
                "channel": 1
            }
        },
        "ant1": {
            "physical": {
                "latlonel": [
                    37.5892,
                    -118.238,
                    3868.0822219992815
                ],
                "enu": [
                    -33.493611697747525,
                    -12.216117659466198,
                    15.239900493373327
                ]
            },
            "hpol": {
                "latlonel": [
                    37.58915718250787,
                    -118.23805214735714,
                    3879.723359229727
                ],
                "enu": [
                    -38.102155,
                    -16.971278,
                    26.881001
                ],
                "cable_delay": 8.157171,
                "channel": 2
            },
            "vpol": {
                "latlonel": [
                    37.58914245825052,
                    -118.23805873256865,
                    3876.723367297742
                ],
                "enu": [
                    -38.684105,
                    -18.60649,
                    23.881001
                ],
                "cable_delay": 5.782146,
                "channel": 3
            }
        },
        "ant2": {
            "physical": {
                "latlonel": [
                    37.58890900000001,
                    -118.23771900000001,
                    3858.332221999408
                ],
                "enu": [
                    -8.66063777680039,
                    -44.533474128264125,
                    5.489838291839959
                ]
            },
            "hpol": {
                "latlonel": [
                    37.58889875910373,
                    -118.23768733643212,
                    3845.222830588992
                ],
                "enu": [
                    -5.862395,
                    -45.670696,
                    -7.619558
                ],
                "cable_delay": 0.0,
                "channel": 4
            },
            "vpol": {
                "latlonel": [
                    37.58890004191615,
                    -118.23768264390952,
                    3847.1108352009023
                ],
                "enu": [
                    -5.447701,
                    -45.528246,
                    -5.731552
                ],
                "cable_delay": 9.134935,
                "channel": 5
            }
        },
        "ant3": {
            "physical": {
                "latlonel": [
                    37.588921000000006,
                    -118.237985,
                    3864.7322219994435
                ],
                "enu": [
                    -32.168110222674464,
                    -43.200787133694874,
                    11.889772378234586
                ]
            },
            "hpol": {
                "latlonel": [
                    37.58892456708192,
                    -118.23796557207221,
                    3865.8956885315597
                ],
                "enu": [
                    -30.451192,
                    -42.804655,
                    13.05325
                ],
                "cable_delay": 9.591437,
                "channel": 6
            },
            "vpol": {
                "latlonel": [
                    37.58890572414218,
                    -118.2379711739241,
                    3862.8957083302457
                ],
                "enu": [
                    -30.946243,
                    -44.897257,
                    10.053253
                ],
                "cable_delay": 4.791166,
                "channel": 7
            }
        }
    }
}