{
    "description": "deploy_index=30 with updated coordinates.",
    "origin": {
        "latlonel": [
            37.58931,
            -118.237621,
            3852.842222
        ]
    },
    "antennas": {
        "ant0": {
            "physical": {
                "latlonel": [37.58931, -118.237621, 3852.842222],
                "enu": []
            },            
            "hpol": {
                "latlonel": [
                    37.589310000000005,
                    -118.237621,
                    3852.8422219991708
                ],
                "enu": [
                    0.0,
                    0.0,
                    0.0
                ],
                "cable_delay": 7.901212,
                "channel": 0
            },
            "vpol": {
                "latlonel": [
                    37.589310000000005,
                    -118.237621,
                    3852.8422219991708
                ],
                "enu": [
                    0.0,
                    0.0,
                    0.0
                ],
                "cable_delay": 13.115628,
                "channel": 1
            }
        },
        "ant1": {
            "physical": {
                "latlonel": [37.5892, -118.238, 3868.082222],
                "enu": []
            },
            "hpol": {
                "latlonel": [
                    37.58913871097207,
                    -118.23809280360301,
                    3886.225572466668
                ],
                "enu": [
                    -41.695157,
                    -19.022663,
                    33.383186
                ],
                "cable_delay": -6.188353,
                "channel": 2
            },
            "vpol": {
                "latlonel": [
                    37.58916304188255,
                    -118.23805885730333,
                    3883.225546091398
                ],
                "enu": [
                    -38.695157,
                    -16.320563,
                    30.383186
                ],
                "cable_delay": 9.321441,
                "channel": 3
            }
        },
        "ant2": {
            "physical": {
                "latlonel": [37.588909, -118.237719, 3858.332222],
                "enu": []
            },
            "hpol": {
                "latlonel": [
                    37.58887283808747,
                    -118.23774608122612,
                    3854.5920717737326
                ],
                "enu": [
                    -11.053909,
                    -48.549442,
                    1.749655
                ],
                "cable_delay": -20.544049,
                "channel": 4
            },
            "vpol": {
                "latlonel": [
                    37.58888236550351,
                    -118.23773556510017,
                    3855.717970249005
                ],
                "enu": [
                    -10.124559,
                    -47.491375,
                    2.875563
                ],
                "cable_delay": -8.072655,
                "channel": 5
            }
        },
        "ant3": {
            "physical": {
                "latlonel": [37.588921, -118.237985, 3864.732222],
                "enu": []
            },
            "hpol": {
                "latlonel": [
                    37.58891668465055,
                    -118.2379825996693,
                    3868.649163828943
                ],
                "enu": [
                    -31.956005,
                    -43.680061,
                    15.806712
                ],
                "cable_delay": 3.551777,
                "channel": 6
            },
            "vpol": {
                "latlonel": [
                    37.588918975611385,
                    -118.23796573543092,
                    3865.700413807617
                ],
                "enu": [
                    -30.46563,
                    -43.425621,
                    12.857971
                ],
                "cable_delay": 8.535294,
                "channel": 7
            }
        }
    }
}