{
    "description": "",
    "origin": {
        "latlonel": [
            37.589339,
            -118.23761867,
            3850.5272
        ]
    },
    "antennas": {
        "ant0": {
            "physical": {
                "latlonel": [],
                "enu": [
                    0.0,
                    0.0,
                    0.0
                ]
            },
            "hpol": {
                "latlonel": [],
                "enu": [
                    0.0,
                    0.0,
                    0.0
                ],
                "cable_delay": 462.5927,
                "channel": 0
            },
            "vpol": {
                "latlonel": [],
                "enu": [
                    0.0,
                    0.0,
                    0.0
                ],
                "cable_delay": 459.1555,
                "channel": 1
            }
        },
        "ant1": {
            "physical": {
                "latlonel": [],
                "enu": [
                    -34.229739100497184,
                    -13.196735088178848,
                    14.599894634214646
                ]
            },
            "hpol": {
                "latlonel": [],
                "enu": [
                    -34.229739100497184,
                    -13.196735088178848,
                    14.599894634214646
                ],
                "cable_delay": 468.2663,
                "channel": 2
            },
            "vpol": {
                "latlonel": [],
                "enu": [
                    -34.229739100497184,
                    -13.196735088178848,
                    14.599894634214646
                ],
                "cable_delay": 469.7423,
                "channel": 3
            }
        },
        "ant2": {
            "physical": {
                "latlonel": [],
                "enu": [
                    -7.172418589601591,
                    -48.93903858128436,
                    3.799807775379783
                ]
            },
            "hpol": {
                "latlonel": [],
                "enu": [
                    -7.172418589601591,
                    -48.93903858128436,
                    3.799807775379783
                ],
                "cable_delay": 455.0525,
                "channel": 4
            },
            "vpol": {
                "latlonel": [],
                "enu": [
                    -7.172418589601591,
                    -48.93903858128436,
                    3.799807775379783
                ],
                "cable_delay": 463.0335,
                "channel": 5
            }
        },
        "ant3": {
            "physical": {
                "latlonel": [],
                "enu": [
                    -30.665742457535302,
                    -43.978183388828505,
                    13.799774438470354
                ]
            },
            "hpol": {
                "latlonel": [],
                "enu": [
                    -30.665742457535302,
                    -43.978183388828505,
                    13.799774438470354
                ],
                "cable_delay": 463.0159,
                "channel": 6
            },
            "vpol": {
                "latlonel": [],
                "enu": [
                    -30.665742457535302,
                    -43.978183388828505,
                    13.799774438470354
                ],
                "cable_delay": 463.1905,
                "channel": 7
            }
        }
    }
}