{
    "description": "Measurements made on June 22nd using NTrip corrected RTK GPS and UNAVCO P652 data.  The expected accuracy of this data is on the scale of cm.  The listed altitudes are in WGS-84 and are adjusted by adding a height of 5ft8in, (1.7272m) from the actual measurements to account for the offset from the GPS patch antenna positions and the antennas at the top.  This is the positions of the antennas as installed after this date.  Cable delays come TDR measurements made at the same time, and should account for the several different cables (and their respective material properties) to accurately measure the time delays.",
    "origin": {
        "latlonel": [
            37.589339,
            -118.23761867,
            3850.5272
        ]
    },
    "antennas": {
        "ant0": {
            "physical": {
                "latlonel": [
                    37.589339,
                    -118.23761867,
                    3850.5272
                ],
                "enu": [
                    0.0,
                    0.0,
                    0.0
                ]
            },
            "hpol": {
                "latlonel": [
                    37.589339,
                    -118.23761867,
                    3850.5272
                ],
                "enu": [
                    0.0,
                    0.0,
                    0.0
                ],
                "cable_delay": 462.5927,
                "channel": 0
            },
            "vpol": {
                "latlonel": [
                    37.589339,
                    -118.23761867,
                    3850.5272
                ],
                "enu": [
                    0.0,
                    0.0,
                    0.0
                ],
                "cable_delay": 459.1555,
                "channel": 1
            }
        },
        "ant1": {
            "physical": {
                "latlonel": [
                    37.58922017,
                    -118.238006,
                    3865.1272
                ],
                "enu": [
                    -34.229739100497184,
                    -13.196735088178848,
                    14.599894634214646
                ]
            },
            "hpol": {
                "latlonel": [
                    37.58922017,
                    -118.238006,
                    3865.1272
                ],
                "enu": [
                    -34.229739100497184,
                    -13.196735088178848,
                    14.599894634214646
                ],
                "cable_delay": 468.2663,
                "channel": 2
            },
            "vpol": {
                "latlonel": [
                    37.58922017,
                    -118.238006,
                    3865.1272
                ],
                "enu": [
                    -34.229739100497184,
                    -13.196735088178848,
                    14.599894634214646
                ],
                "cable_delay": 469.7423,
                "channel": 3
            }
        },
        "ant2": {
            "physical": {
                "latlonel": [
                    37.58889833,
                    -118.23769983,
                    3854.3272
                ],
                "enu": [
                    -7.172418589601591,
                    -48.93903858128436,
                    3.799807775379783
                ]
            },
            "hpol": {
                "latlonel": [
                    37.58889833,
                    -118.23769983,
                    3854.3272
                ],
                "enu": [
                    -7.172418589601591,
                    -48.93903858128436,
                    3.799807775379783
                ],
                "cable_delay": 455.0525,
                "channel": 4
            },
            "vpol": {
                "latlonel": [
                    37.58889833,
                    -118.23769983,
                    3854.3272
                ],
                "enu": [
                    -7.172418589601591,
                    -48.93903858128436,
                    3.799807775379783
                ],
                "cable_delay": 463.0335,
                "channel": 5
            }
        },
        "ant3": {
            "physical": {
                "latlonel": [
                    37.588943,
                    -118.23796567,
                    3864.3272
                ],
                "enu": [
                    -30.665742457535302,
                    -43.978183388828505,
                    13.799774438470354
                ]
            },
            "hpol": {
                "latlonel": [
                    37.588943,
                    -118.23796567,
                    3864.3272
                ],
                "enu": [
                    -30.665742457535302,
                    -43.978183388828505,
                    13.799774438470354
                ],
                "cable_delay": 463.0159,
                "channel": 6
            },
            "vpol": {
                "latlonel": [
                    37.588943,
                    -118.23796567,
                    3864.3272
                ],
                "enu": [
                    -30.665742457535302,
                    -43.978183388828505,
                    13.799774438470354
                ],
                "cable_delay": 463.1905,
                "channel": 7
            }
        }
    }
}