{
    "description": "This calibration is a rotated form of /home/dsouthall/Projects/Beacon/beacon/config/september_2021_minimized_calibration.json.  Antennas 1,2,3 have been rotated to attempt shift pointing reconstruct by HPOL: 1.0847 deg in theta and 0.2823 deg in azimuth and VPOL: 2.0957 deg in theta and 0.1448 deg in azimuth",
    "additional_text": "None",
    "origin": {
        "latlonel": [
            37.589339,
            -118.23761867,
            3850.5272
        ]
    },
    "antennas": {
        "ant0": {
            "physical": {
                "latlonel": [
                    37.589339,
                    -118.23761867,
                    3850.5272
                ],
                "enu": [
                    0.0,
                    0.0,
                    0.0
                ]
            },
            "hpol": {
                "latlonel": [
                    37.589339,
                    -118.23761867,
                    3850.5272
                ],
                "enu": [
                    0.0,
                    0.0,
                    0.0
                ],
                "cable_delay": 462.5927,
                "channel": 0
            },
            "vpol": {
                "latlonel": [
                    37.589339,
                    -118.23761867,
                    3850.5272
                ],
                "enu": [
                    0.0,
                    0.0,
                    0.0
                ],
                "cable_delay": 459.1555,
                "channel": 1
            }
        },
        "ant1": {
            "physical": {
                "latlonel": [
                    37.58922017,
                    -118.238006,
                    3865.1272
                ],
                "enu": [
                    -34.229739100497184,
                    -13.196735088178848,
                    14.599894634214646
                ]
            },
            "hpol": {
                "latlonel": [
                    37.58921764,
                    -118.23800977,
                    3865.75561117
                ],
                "enu": [
                    -34.56252290805305,
                    -13.47824820258116,
                    15.22830342567022
                ],
                "cable_delay": 465.1074785107916,
                "channel": 2
            },
            "vpol": {
                "latlonel": [
                    37.5892192,
                    -118.23800477,
                    3865.96302417
                ],
                "enu": [
                    -34.12074328999712,
                    -13.304116368531176,
                    15.43571916294151
                ],
                "cable_delay": 469.80874254008086,
                "channel": 3
            }
        },
        "ant2": {
            "physical": {
                "latlonel": [
                    37.58889833,
                    -118.23769983,
                    3854.3272
                ],
                "enu": [
                    -7.172418589601591,
                    -48.93903858128436,
                    3.799807775379783
                ]
            },
            "hpol": {
                "latlonel": [
                    37.58889842,
                    -118.23769552,
                    3854.35495746
                ],
                "enu": [
                    -6.791280509945197,
                    -48.928672436949064,
                    3.827565733704828
                ],
                "cable_delay": 454.6295239909029,
                "channel": 4
            },
            "vpol": {
                "latlonel": [
                    37.58889836,
                    -118.23769675,
                    3854.49669974
                ],
                "enu": [
                    -6.8999162684370265,
                    -48.935535431150136,
                    3.9693078433990303
                ],
                "cable_delay": 463.7920466006454,
                "channel": 5
            }
        },
        "ant3": {
            "physical": {
                "latlonel": [
                    37.588943,
                    -118.23796567,
                    3864.3272
                ],
                "enu": [
                    -30.665742457535302,
                    -43.978183388828505,
                    13.799774438470354
                ]
            },
            "hpol": {
                "latlonel": [
                    37.58894353,
                    -118.23796382,
                    3863.67040041
                ],
                "enu": [
                    -30.5025348702921,
                    -43.919107894406665,
                    13.142976043213814
                ],
                "cable_delay": 462.94867883740665,
                "channel": 6
            },
            "vpol": {
                "latlonel": [
                    37.58894396,
                    -118.2379646,
                    3864.12985479
                ],
                "enu": [
                    -30.57095219067433,
                    -43.87123836016745,
                    13.602430418457722
                ],
                "cable_delay": 463.8325167263529,
                "channel": 7
            }
        }
    }
}